start,end,count,reverse
Spear at Folsom,Davis at Jackson,82,114
Davis at Jackson,Washington at Kearney,20,24
St James Park,Santa Clara at Almaden,5,5
Post at Kearney,Steuart at Market,79,50
Market at 4th,Clay at Battery,92,115
SJ Diridon Caltrain,Santa Clara at Almaden,403,497
Spear at Folsom,2nd at Townsend,307,201
3rd at Howard,Market at 4th,22,31
MLK Library,SJSU 4th at San Carlos,27,30
Davis at Jackson,Market at Sansome,120,253
2nd at Folsom,"SF Caltrain, Townsend at 4th ",430,310
Commercial at Montgomery,Embarcadero at Bryant,163,113
Howard at 2nd,Market at Sansome,143,51
SF Caltrain at 330 Townsend,Beale at Market,97,136
Spear at Folsom,Market at Battery,116,92
Market at 10th,Post at Kearney,101,99
South Van Ness at Market,Embarcadero at Sansome,93,94
Embarcadero at Folsom,Golden Gate at Polk,8,13
San Antonio Caltrain Station,Park at Olive,10,19
Park at Olive,Mountain View Caltrain,3,4
2nd at Folsom,Grant at Columbus,90,118
3rd at Howard,South Van Ness at Market,61,49
Powell Street BART,2nd at Townsend,34,41
St James Park,San Salvador at 1st,15,7
Commercial at Montgomery,Market at 10th,28,45
Howard at Beale,Grant at Columbus,82,121
San Antonio Shopping Center,Mountain View Caltrain,23,23
Post at Kearney,Broadway St at Battery St,3,1
Beale at Market,South Van Ness at Market,36,45
Steuart at Market,Grant at Columbus,120,186
2nd at Townsend,Powell Street BART,41,34
Santa Clara at Almaden,SJ Diridon Caltrain,497,403
2nd at Folsom,2nd at Folsom,74,74
Market at 4th,San Francisco City Hall,53,119
Market at 10th,5th at Howard,89,127
San Salvador at 1st,San Pedro Square,35,26
2nd at Townsend,Golden Gate at Polk,11,22
Embarcadero at Folsom,Steuart at Market,97,94
Commercial at Montgomery,"SF Caltrain, Townsend at 4th ",176,157
Market at 4th,Broadway St at Battery St,2,9
Market at 4th,Commercial at Montgomery,88,171
Davis at Jackson,Broadway St at Battery St,3,1
Market at Sansome,Howard at Beale,131,143
2nd at South Park,Commercial at Montgomery,32,52
Powell Street BART,Powell at Post (Union Square),36,57
Clay at Battery,Grant at Columbus,81,128
Grant at Columbus,Golden Gate at Polk,21,16
Santa Clara at Almaden,SJSU 4th at San Carlos,77,59
San Francisco City Hall,Howard at Beale,4,7
Powell at Post (Union Square),Broadway St at Battery St,12,7
SF Ferry Building,Grant at Columbus,153,148
Embarcadero at Folsom,Market at Sansome,50,70
Arena Green / SAP Center,San Jose Civic Center,7,15
Steuart at Market,2nd at Folsom,40,102
Embarcadero at Folsom,South Van Ness at Market,23,43
7th at Market,Embarcadero at Vallejo,53,50
Beale at Market,2nd at South Park,108,69
Broadway at Main,San Mateo County Center,13,17
Embarcadero at Bryant,Embarcadero at Vallejo,232,184
Mountain View Caltrain,St James Park,1,0
Powell Street BART,Davis at Jackson,32,77
Mountain View City Hall,Park at Olive,6,6
Spear at Folsom,South Van Ness at Market,34,62
California Ave Caltrain Station,California Ave Caltrain Station,72,72
"SF Caltrain, Townsend at 4th ",SF Caltrain at 330 Townsend,26,37
San Jose Civic Center,San Salvador at 1st,18,21
San Jose Civic Center,San Jose Civic Center,82,82
Davis at Jackson,Market at Battery,72,110
Clay at Battery,Washington at Kearney,25,17
2nd at Townsend,2nd at South Park,75,77
Embarcadero at Vallejo,Howard at Beale,94,169
2nd at Townsend,Howard at Beale,317,487
Market at Sansome,Washington at Kearney,51,67
"SF Caltrain, Townsend at 4th ",Steuart at Market,609,538
Howard at 2nd,Powell Street BART,101,52
2nd at South Park,SF Ferry Building,274,167
Spear at Folsom,Beale at Market,83,155
Market at Battery,2nd at Folsom,19,38
Steuart at Market,3rd at Howard,98,89
San Jose City Hall,SJSU 4th at San Carlos,35,25
Franklin at Maple,University and Emerson,2,0
Townsend at 7th,2nd at Folsom,50,97
Market at 4th,Beale at Market,114,121
San Pedro Square,Japantown,81,68
Embarcadero at Bryant,San Mateo County Center,1,0
Davis at Jackson,2nd at Folsom,14,37
Howard at 2nd,Broadway St at Battery St,2,0
Powell at Post (Union Square),Market at 10th,146,84
Paseo de San Antonio,St James Park,31,19
SF Caltrain at 330 Townsend,7th at Market,116,46
2nd at South Park,San Francisco City Hall,33,26
Redwood City Caltrain Station,Palo Alto Caltrain Station,11,2
Palo Alto Caltrain Station,Rengstorff at California,1,0
Grant at Columbus,Clay at Battery,128,81
South Van Ness at Market,Howard at Beale,80,78
Embarcadero at Folsom,3rd at Howard,64,52
San Antonio Caltrain Station,Mountain View City Hall,15,16
Commercial at Montgomery,2nd at South Park,52,32
3rd at Howard,Embarcadero at Vallejo,31,34
Post at Kearney,Market at Sansome,25,15
South Van Ness at Market,Townsend at 7th,99,118
Townsend at 7th,Clay at Battery,19,40
SJ Diridon Caltrain,San Pedro Square,300,229
Embarcadero at Folsom,Market at Battery,74,57
Market at 10th,Townsend at 7th,107,75
3rd at Howard,Clay at Battery,36,51
San Jose City Hall,San Salvador at 1st,197,42
Davis at Jackson,Embarcadero at Folsom,94,58
Adobe on Almaden,Santa Clara at Almaden,7,10
Powell at Post (Union Square),Market at 4th,52,44
SF Caltrain at 330 Townsend,Market at 10th,243,90
Steuart at Market,Golden Gate at Polk,40,70
San Francisco City Hall,Davis at Jackson,8,13
Broadway St at Battery St,3rd at Howard,1,2
Mountain View City Hall,San Antonio Shopping Center,4,6
Castro Street and El Camino Real,Castro Street and El Camino Real,22,22
South Van Ness at Market,Golden Gate at Polk,71,100
Redwood City Caltrain Station,Mezes Park,3,1
SF Caltrain at 330 Townsend,Steuart at Market,168,328
Washington at Kearney,Clay at Battery,17,25
Spear at Folsom,Commercial at Montgomery,68,60
Broadway St at Battery St,"SF Caltrain, Townsend at 4th ",22,28
Powell Street BART,Market at Sansome,177,159
Townsend at 7th,Embarcadero at Sansome,26,22
Clay at Battery,Market at Sansome,82,105
Market at Sansome,Broadway St at Battery St,18,10
Commercial at Montgomery,2nd at Townsend,30,40
Embarcadero at Vallejo,Market at Battery,52,43
SF Ferry Building,Embarcadero at Sansome,1330,671
Market at Sansome,Market at 10th,113,219
Howard at 2nd,Howard at 2nd,85,85
Embarcadero at Vallejo,7th at Market,50,53
2nd at Folsom,Commercial at Montgomery,47,50
San Antonio Caltrain Station,Redwood City Caltrain Station,1,1
South Van Ness at Market,2nd at South Park,125,61
Embarcadero at Vallejo,Broadway St at Battery St,5,1
2nd at Townsend,South Van Ness at Market,59,64
2nd at South Park,Market at Sansome,798,866
3rd at Howard,Davis at Jackson,13,9
University and Emerson,University and Emerson,269,269
Embarcadero at Bryant,Embarcadero at Folsom,117,163
Post at Kearney,Commercial at Montgomery,62,92
Cowper at University,San Antonio Caltrain Station,4,2
Adobe on Almaden,San Jose Civic Center,24,16
Adobe on Almaden,Japantown,6,7
2nd at Folsom,7th at Market,70,60
San Francisco City Hall,Market at 10th,19,14
Adobe on Almaden,SJSU 4th at San Carlos,6,8
Arena Green / SAP Center,San Salvador at 1st,8,12
SF Ferry Building,Spear at Folsom,148,176
Townsend at 7th,Embarcadero at Bryant,65,142
Spear at Folsom,SF Caltrain at 330 Townsend,232,81
San Francisco City Hall,Post at Kearney,74,54
San Jose Civic Center,7th at Market,1,0
Broadway St at Battery St,2nd at Townsend,5,2
South Van Ness at Market,Powell at Post (Union Square),44,48
3rd at Howard,Steuart at Market,89,98
Howard at Beale,7th at Market,91,66
Redwood City Public Library,Cowper at University,2,1
Clay at Battery,Embarcadero at Sansome,149,167
"SF Caltrain, Townsend at 4th ",Broadway St at Battery St,28,22
Market at 4th,Steuart at Market,190,144
San Francisco City Hall,7th at Market,31,58
2nd at Folsom,San Francisco City Hall,14,7
Embarcadero at Vallejo,5th at Howard,22,19
Paseo de San Antonio,Santa Clara at Almaden,27,31
Commercial at Montgomery,Broadway St at Battery St,1,2
2nd at Folsom,2nd at Townsend,219,173
St James Park,SJ Diridon Caltrain,141,124
Powell Street BART,Embarcadero at Bryant,19,24
Howard at Beale,South Van Ness at Market,78,80
Clay at Battery,3rd at Howard,51,36
Golden Gate at Polk,Grant at Columbus,16,21
Grant at Columbus,Embarcadero at Bryant,51,35
"SF Caltrain, Townsend at 4th ",Embarcadero at Folsom,695,647
University and Emerson,California Ave Caltrain Station,46,73
Market at Sansome,Embarcadero at Folsom,70,50
Grant at Columbus,2nd at Folsom,118,90
Townsend at 7th,San Francisco City Hall,33,119
5th at Howard,San Francisco City Hall,15,18
SF Caltrain at 330 Townsend,Spear at Folsom,81,232
Market at Battery,Market at Battery,86,86
Japantown,San Salvador at 1st,25,14
San Pedro Square,SJSU 4th at San Carlos,18,21
San Antonio Caltrain Station,San Antonio Shopping Center,48,59
Market at Battery,Powell at Post (Union Square),82,73
Market at Battery,Powell Street BART,135,48
Commercial at Montgomery,South Van Ness at Market,51,69
Powell at Post (Union Square),SF Caltrain at 330 Townsend,75,46
Paseo de San Antonio,Arena Green / SAP Center,12,19
Spear at Folsom,"SF Caltrain, Townsend at 4th ",318,346
Townsend at 7th,Steuart at Market,44,65
7th at Market,San Francisco City Hall,58,31
Steuart at Market,Steuart at Market,148,148
Grant at Columbus,3rd at Howard,56,69
South Van Ness at Market,Beale at Market,45,36
Santa Clara at Almaden,Santa Clara at Almaden,34,34
"SF Caltrain, Townsend at 4th ",Howard at Beale,644,530
Howard at Beale,Powell Street BART,121,98
2nd at Folsom,5th at Howard,93,63
Commercial at Montgomery,Howard at Beale,142,191
2nd at South Park,Embarcadero at Bryant,26,23
St James Park,MLK Library,13,18
Market at 4th,Post at Kearney,37,45
2nd at Folsom,Broadway St at Battery St,9,1
Embarcadero at Bryant,Commercial at Montgomery,113,163
Beale at Market,Howard at 2nd,61,39
"SF Caltrain, Townsend at 4th ",Market at 10th,156,401
SJSU - San Salvador at 9th,St James Park,9,0
Howard at 2nd,Washington at Kearney,25,33
Steuart at Market,7th at Market,59,77
San Jose Government Center,SJSU - San Salvador at 9th,2,0
Market at 4th,5th at Howard,64,85
Howard at 2nd,Spear at Folsom,64,82
Broadway at Main,Broadway at Main,13,13
Davis at Jackson,Clay at Battery,29,42
Spear at Folsom,Steuart at Market,130,227
San Antonio Caltrain Station,Cowper at University,2,4
San Pedro Square,SJ Diridon Caltrain,229,300
SF Ferry Building,Market at Battery,161,154
SJSU - San Salvador at 9th,Japantown,11,0
Park at Olive,Park at Olive,31,31
Redwood City Public Library,Redwood City Medical Center,2,6
San Pedro Square,Santa Clara at Almaden,19,20
SJ Diridon Caltrain,St James Park,124,141
Golden Gate at Polk,Powell at Post (Union Square),32,53
2nd at South Park,Steuart at Market,117,143
SF Ferry Building,2nd at Folsom,98,179
Mountain View City Hall,Rengstorff at California,33,40
Market at Battery,Washington at Kearney,71,40
Howard at 2nd,"SF Caltrain, Townsend at 4th ",443,427
Market at Sansome,Embarcadero at Bryant,78,75
Market at 10th,Howard at 2nd,52,49
3rd at Howard,5th at Howard,99,37
SF Caltrain at 330 Townsend,Powell at Post (Union Square),46,75
Powell at Post (Union Square),Spear at Folsom,40,42
Powell Street BART,Townsend at 7th,183,188
Townsend at 7th,South Van Ness at Market,118,99
Embarcadero at Bryant,Market at Battery,128,90
Embarcadero at Vallejo,Howard at 2nd,37,50
Redwood City Public Library,Castro Street and El Camino Real,1,0
South Van Ness at Market,Market at Battery,93,84
Golden Gate at Polk,Market at 10th,50,34
San Jose Civic Center,MLK Library,23,21
Market at 4th,Spear at Folsom,151,105
Palo Alto Caltrain Station,Park at Olive,69,43
Market at Battery,South Van Ness at Market,84,93
Powell at Post (Union Square),Powell at Post (Union Square),203,203
Howard at Beale,Embarcadero at Sansome,238,287
Howard at Beale,Beale at Market,81,188
Broadway St at Battery St,Powell at Post (Union Square),7,12
Market at Battery,Townsend at 7th,33,15
SJSU - San Salvador at 9th,MLK Library,56,0
Embarcadero at Sansome,Market at 10th,37,36
Post at Kearney,Howard at 2nd,66,60
Clay at Battery,Embarcadero at Vallejo,43,32
Washington at Kearney,"SF Caltrain, Townsend at 4th ",41,29
Beale at Market,2nd at Folsom,31,48
Market at Battery,2nd at Townsend,67,99
Townsend at 7th,Washington at Kearney,17,18
SJSU 4th at San Carlos,San Pedro Square,21,18
Embarcadero at Sansome,San Francisco City Hall,15,30
California Ave Caltrain Station,Rengstorff at California,4,6
Embarcadero at Vallejo,Powell at Post (Union Square),53,46
3rd at Howard,SF Caltrain at 330 Townsend,226,109
Post at Kearney,Powell Street BART,71,56
South Van Ness at Market,Embarcadero at Vallejo,28,36
San Jose Government Center,San Jose City Hall,3,1
2nd at South Park,7th at Market,31,81
Clay at Battery,San Francisco City Hall,17,5
SF Ferry Building,5th at Howard,92,82
San Antonio Shopping Center,University and Emerson,2,3
California Ave Caltrain Station,Market at Sansome,1,0
Market at 4th,Townsend at 7th,205,147
3rd at Howard,Washington at Kearney,30,28
Embarcadero at Vallejo,Clay at Battery,32,43
MLK Library,Santa Clara at Almaden,14,7
5th at Howard,7th at Market,95,74
5th at Howard,2nd at Townsend,24,38
St James Park,Arena Green / SAP Center,4,5
San Pedro Square,MLK Library,48,33
Embarcadero at Folsom,Commercial at Montgomery,46,58
Clay at Battery,Townsend at 7th,40,19
Howard at Beale,Powell at Post (Union Square),34,34
Powell at Post (Union Square),Howard at 2nd,212,71
2nd at Folsom,Townsend at 7th,97,50
Commercial at Montgomery,Washington at Kearney,31,13
MLK Library,San Jose Government Center,1,0
SJSU 4th at San Carlos,SJ Diridon Caltrain,20,36
3rd at Howard,SF Ferry Building,94,75
5th at Howard,Market at 10th,127,89
Cowper at University,Mountain View Caltrain,2,2
Post at Kearney,Clay at Battery,40,42
Grant at Columbus,"SF Caltrain, Townsend at 4th ",313,158
San Pedro Square,San Pedro Square,61,61
Market at Sansome,5th at Howard,140,136
2nd at Folsom,Powell Street BART,118,109
Davis at Jackson,Post at Kearney,43,41
Commercial at Montgomery,5th at Howard,63,68
Townsend at 7th,Townsend at 7th,125,125
2nd at Folsom,Howard at Beale,110,81
SJSU - San Salvador at 9th,SJ Diridon Caltrain,105,0
South Van Ness at Market,Spear at Folsom,62,34
Washington at Kearney,Townsend at 7th,18,17
Spear at Folsom,Spear at Folsom,102,102
Townsend at 7th,Grant at Columbus,15,49
Franklin at Maple,Redwood City Caltrain Station,50,56
University and Emerson,Redwood City Caltrain Station,1,0
South Van Ness at Market,Market at 10th,97,88
San Mateo County Center,Redwood City Public Library,8,9
Washington at Kearney,Spear at Folsom,23,50
SF Ferry Building,Townsend at 7th,230,274
2nd at Townsend,Market at Battery,99,67
Mountain View Caltrain,Mountain View City Hall,592,494
Spear at Folsom,Townsend at 7th,89,53
Washington at Kearney,Steuart at Market,48,33
Commercial at Montgomery,Market at Sansome,247,214
Santa Clara at Almaden,Arena Green / SAP Center,118,113
Embarcadero at Bryant,5th at Howard,31,19
Redwood City Medical Center,Broadway at Main,6,5
Adobe on Almaden,Arena Green / SAP Center,8,9
Clay at Battery,Broadway St at Battery St,5,10
San Francisco City Hall,Powell at Post (Union Square),37,31
San Antonio Caltrain Station,Mountain View Caltrain,21,41
San Salvador at 1st,SJSU - San Salvador at 9th,36,0
Powell at Post (Union Square),Powell Street BART,57,36
Market at 4th,Washington at Kearney,84,46
Spear at Folsom,Golden Gate at Polk,15,11
Embarcadero at Vallejo,2nd at South Park,122,123
Market at Sansome,Grant at Columbus,224,492
Beale at Market,Beale at Market,72,72
Franklin at Maple,Redwood City Public Library,8,7
7th at Market,2nd at Townsend,26,21
SF Caltrain at 330 Townsend,Embarcadero at Bryant,38,140
2nd at South Park,Spear at Folsom,130,156
7th at Market,Clay at Battery,77,68
Mountain View Caltrain,Park at Olive,4,3
Howard at 2nd,Powell at Post (Union Square),71,212
South Van Ness at Market,7th at Market,389,367
Cowper at University,Redwood City Public Library,1,2
Townsend at 7th,Davis at Jackson,14,19
Adobe on Almaden,Adobe on Almaden,31,31
Commercial at Montgomery,Golden Gate at Polk,13,26
San Francisco City Hall,Washington at Kearney,9,15
San Antonio Caltrain Station,San Antonio Caltrain Station,33,33
Market at Sansome,Post at Kearney,15,25
"SF Caltrain, Townsend at 4th ",SJ Diridon Caltrain,1,0
San Pedro Square,San Jose City Hall,32,35
Broadway St at Battery St,Powell Street BART,2,5
Paseo de San Antonio,San Salvador at 1st,68,42
Embarcadero at Sansome,3rd at Howard,87,58
2nd at South Park,Market at Battery,51,41
Rengstorff at California,Mountain View Caltrain,90,94
Rengstorff at California,University and Emerson,5,2
Howard at Beale,Spear at Folsom,101,66
SF Caltrain at 330 Townsend,Washington at Kearney,46,51
SF Ferry Building,Embarcadero at Vallejo,332,214
Embarcadero at Folsom,Embarcadero at Folsom,111,111
Commercial at Montgomery,Steuart at Market,33,23
SF Caltrain at 330 Townsend,South Van Ness at Market,134,71
Market at 4th,3rd at Howard,31,22
Embarcadero at Bryant,Embarcadero at Sansome,329,177
Steuart at Market,SF Caltrain at 330 Townsend,328,168
Castro Street and El Camino Real,Mountain View Caltrain,95,100
5th at Howard,Embarcadero at Folsom,28,41
Paseo de San Antonio,San Jose City Hall,34,56
Arena Green / SAP Center,Arena Green / SAP Center,66,66
5th at Howard,Market at Battery,52,66
Embarcadero at Bryant,Spear at Folsom,112,80
"SF Caltrain, Townsend at 4th ",Clay at Battery,211,193
Market at Sansome,San Francisco City Hall,49,56
Beale at Market,Commercial at Montgomery,146,142
Market at 10th,"SF Caltrain, Townsend at 4th ",401,156
Golden Gate at Polk,Embarcadero at Folsom,13,8
San Salvador at 1st,Paseo de San Antonio,42,68
Golden Gate at Polk,Embarcadero at Vallejo,80,18
Washington at Kearney,Embarcadero at Bryant,44,36
Beale at Market,SF Ferry Building,123,55
San Salvador at 1st,MLK Library,190,34
Spear at Folsom,Grant at Columbus,66,123
Post at Kearney,Golden Gate at Polk,58,73
2nd at South Park,2nd at South Park,146,146
2nd at Townsend,Broadway St at Battery St,2,5
South Van Ness at Market,3rd at Howard,49,61
Market at Battery,Davis at Jackson,110,72
SJSU 4th at San Carlos,Paseo de San Antonio,23,23
San Francisco City Hall,"SF Caltrain, Townsend at 4th ",131,92
Paseo de San Antonio,Paseo de San Antonio,41,41
Commercial at Montgomery,San Francisco City Hall,12,17
SJSU 4th at San Carlos,SJSU - San Salvador at 9th,81,0
Market at Battery,Commercial at Montgomery,108,85
San Francisco City Hall,Clay at Battery,5,17
Townsend at 7th,Beale at Market,117,97
San Francisco City Hall,Commercial at Montgomery,17,12
Embarcadero at Sansome,7th at Market,133,148
Embarcadero at Folsom,Embarcadero at Sansome,247,204
Park at Olive,Palo Alto Caltrain Station,43,69
Embarcadero at Bryant,Townsend at 7th,142,65
Market at 4th,Paseo de San Antonio,1,1
San Francisco City Hall,5th at Howard,18,15
San Jose Civic Center,San Pedro Square,26,33
Japantown,San Jose Civic Center,17,9
Evelyn Park and Ride,Mountain View Caltrain,154,159
Golden Gate at Polk,7th at Market,103,116
Palo Alto Caltrain Station,University and Emerson,25,13
5th at Howard,SF Caltrain at 330 Townsend,129,484
Commercial at Montgomery,Market at Battery,85,108
Washington at Kearney,Embarcadero at Vallejo,29,16
Howard at Beale,2nd at Folsom,81,110
Washington at Kearney,Davis at Jackson,24,20
5th at Howard,Steuart at Market,84,42
San Francisco City Hall,Townsend at 7th,119,33
2nd at South Park,Post at Kearney,154,139
Santa Clara at Almaden,Japantown,7,48
Clay at Battery,7th at Market,68,77
2nd at Townsend,2nd at Folsom,173,219
Redwood City Medical Center,Redwood City Public Library,6,2
Embarcadero at Sansome,5th at Howard,58,56
Spear at Folsom,5th at Howard,138,105
Commercial at Montgomery,Grant at Columbus,66,66
Embarcadero at Vallejo,South Van Ness at Market,36,28
San Jose City Hall,San Jose Civic Center,24,18
7th at Market,Steuart at Market,77,59
Embarcadero at Vallejo,Market at 10th,25,31
Market at Sansome,3rd at Howard,93,142
Spear at Folsom,Broadway St at Battery St,26,30
SF Ferry Building,Powell at Post (Union Square),152,153
Market at 10th,Clay at Battery,25,43
Townsend at 7th,7th at Market,360,345
Golden Gate at Polk,South Van Ness at Market,100,71
SF Ferry Building,Beale at Market,55,123
SF Ferry Building,SF Caltrain at 330 Townsend,307,234
Howard at Beale,Market at 4th,186,142
SJ Diridon Caltrain,San Jose City Hall,139,132
Franklin at Maple,Broadway at Main,10,6
Broadway St at Battery St,Commercial at Montgomery,2,1
Market at 4th,SF Ferry Building,319,261
Embarcadero at Vallejo,2nd at Folsom,14,20
Japantown,SJSU 4th at San Carlos,18,20
Market at Sansome,2nd at Townsend,233,258
Paseo de San Antonio,San Jose Civic Center,21,12
2nd at Townsend,Beale at Market,123,222
Mountain View City Hall,Mountain View Caltrain,494,592
"SF Caltrain, Townsend at 4th ",2nd at Townsend,306,266
San Jose Government Center,Arena Green / SAP Center,1,4
Powell at Post (Union Square),2nd at Townsend,42,53
Post at Kearney,2nd at Townsend,89,114
2nd at Folsom,Market at Sansome,537,235
Redwood City Caltrain Station,7th at Market,1,0
7th at Market,7th at Market,127,127
"SF Caltrain, Townsend at 4th ",Spear at Folsom,346,318
5th at Howard,Clay at Battery,37,38
Market at Battery,Broadway St at Battery St,13,24
Powell at Post (Union Square),2nd at Folsom,79,50
Market at 10th,Golden Gate at Polk,34,50
3rd at Howard,2nd at South Park,116,126
Redwood City Medical Center,Franklin at Maple,1,1
SJSU - San Salvador at 9th,Santa Clara at Almaden,8,0
Post at Kearney,Powell at Post (Union Square),51,55
Redwood City Caltrain Station,Redwood City Public Library,75,9
San Francisco City Hall,Golden Gate at Polk,21,24
Golden Gate at Polk,Davis at Jackson,13,27
Spear at Folsom,Howard at Beale,66,101
2nd at South Park,2nd at Folsom,130,238
Market at 4th,SF Caltrain at 330 Townsend,223,108
Powell at Post (Union Square),Market at Sansome,72,53
Howard at Beale,Broadway St at Battery St,1,1
Market at 10th,Embarcadero at Vallejo,31,25
Market at Battery,Market at 10th,142,117
Japantown,SJ Diridon Caltrain,20,103
2nd at Folsom,SF Ferry Building,179,98
Broadway at Main,Redwood City Caltrain Station,5,7
San Jose Government Center,St James Park,3,0
Spear at Folsom,3rd at Howard,130,93
Commercial at Montgomery,Embarcadero at Sansome,77,110
2nd at South Park,Embarcadero at Folsom,67,91
Beale at Market,5th at Howard,27,29
Steuart at Market,Embarcadero at Folsom,94,97
Mountain View Caltrain,San Antonio Shopping Center,23,23
Broadway St at Battery St,Steuart at Market,17,13
Powell Street BART,Broadway St at Battery St,5,2
3rd at Howard,"SF Caltrain, Townsend at 4th ",418,495
University and Emerson,Palo Alto Caltrain Station,13,25
SF Ferry Building,Washington at Kearney,80,95
Embarcadero at Vallejo,Golden Gate at Polk,18,80
Washington at Kearney,2nd at South Park,24,74
Mountain View Caltrain,Mountain View Caltrain,129,129
Post at Kearney,Beale at Market,35,40
Beale at Market,3rd at Howard,27,34
Santa Clara at Almaden,SJSU - San Salvador at 9th,10,0
Broadway St at Battery St,Market at Battery,24,13
SF Ferry Building,3rd at Howard,75,94
MLK Library,Japantown,60,49
Howard at 2nd,Golden Gate at Polk,30,19
Redwood City Caltrain Station,Franklin at Maple,56,50
2nd at South Park,Broadway St at Battery St,1,9
Embarcadero at Sansome,Golden Gate at Polk,91,48
Embarcadero at Sansome,Embarcadero at Bryant,177,329
St James Park,Adobe on Almaden,8,6
Redwood City Caltrain Station,San Mateo County Center,41,34
7th at Market,SF Ferry Building,71,52
Golden Gate at Polk,SF Caltrain at 330 Townsend,19,79
7th at Market,Howard at 2nd,17,48
SJ Diridon Caltrain,Adobe on Almaden,175,180
SJSU - San Salvador at 9th,SJSU - San Salvador at 9th,42,0
Golden Gate at Polk,Clay at Battery,13,21
Davis at Jackson,Grant at Columbus,86,91
Evelyn Park and Ride,San Antonio Caltrain Station,2,4
Embarcadero at Bryant,Washington at Kearney,36,44
Rengstorff at California,San Antonio Caltrain Station,48,79
Embarcadero at Folsom,7th at Market,14,7
Embarcadero at Sansome,2nd at South Park,25,43
Market at 10th,Powell Street BART,285,396
Redwood City Public Library,Redwood City Public Library,14,14
Embarcadero at Bryant,SF Caltrain at 330 Townsend,140,38
Washington at Kearney,Market at Sansome,67,51
Grant at Columbus,2nd at Townsend,81,28
Market at 10th,Spear at Folsom,38,32
San Francisco City Hall,Embarcadero at Bryant,4,6
Market at Sansome,Market at Sansome,131,131
2nd at Townsend,Clay at Battery,72,109
Cowper at University,Palo Alto Caltrain Station,138,149
Powell at Post (Union Square),Townsend at 7th,126,55
Davis at Jackson,Embarcadero at Vallejo,46,48
Embarcadero at Bryant,Golden Gate at Polk,4,2
Embarcadero at Bryant,2nd at South Park,23,26
Steuart at Market,Post at Kearney,50,79
Steuart at Market,2nd at South Park,143,117
Embarcadero at Vallejo,Post at Kearney,10,30
Market at 4th,"SF Caltrain, Townsend at 4th ",443,232
Market at 4th,Powell Street BART,63,70
MLK Library,San Salvador at 1st,34,190
Golden Gate at Polk,Washington at Kearney,8,14
SF Ferry Building,Broadway St at Battery St,8,3
5th at Howard,Embarcadero at Sansome,56,58
Clay at Battery,5th at Howard,38,37
Powell at Post (Union Square),Beale at Market,82,46
2nd at Townsend,3rd at Howard,105,62
Redwood City Public Library,San Mateo County Center,9,8
Market at Battery,Post at Kearney,40,27
2nd at Townsend,San Francisco City Hall,13,16
Embarcadero at Sansome,Embarcadero at Sansome,636,636
Davis at Jackson,Golden Gate at Polk,27,13
Golden Gate at Polk,Market at Sansome,63,37
Beale at Market,2nd at Townsend,222,123
Market at Sansome,2nd at South Park,866,798
Redwood City Public Library,Redwood City Caltrain Station,9,75
3rd at Howard,Golden Gate at Polk,30,55
Market at 10th,Market at 10th,180,180
Townsend at 7th,Market at 4th,147,205
SF Ferry Building,Embarcadero at Folsom,54,96
Broadway St at Battery St,Embarcadero at Sansome,9,8
Market at 10th,Embarcadero at Folsom,13,8
Howard at 2nd,2nd at Folsom,26,77
7th at Market,Grant at Columbus,25,52
San Francisco City Hall,Powell Street BART,99,123
Adobe on Almaden,St James Park,6,8
South Van Ness at Market,Commercial at Montgomery,69,51
Embarcadero at Vallejo,Powell Street BART,54,64
Japantown,MLK Library,49,60
Rengstorff at California,Rengstorff at California,54,54
Embarcadero at Folsom,"SF Caltrain, Townsend at 4th ",647,695
San Jose City Hall,San Jose Government Center,1,3
Market at Battery,3rd at Howard,49,36
Howard at Beale,Howard at Beale,104,104
Mountain View Caltrain,San Antonio Caltrain Station,41,21
Market at Sansome,Clay at Battery,105,82
Market at Sansome,Powell Street BART,159,177
7th at Market,Market at Sansome,141,128
Steuart at Market,Clay at Battery,46,41
Powell Street BART,Market at Battery,48,135
Steuart at Market,Powell at Post (Union Square),71,127
3rd at Howard,7th at Market,50,40
San Francisco City Hall,South Van Ness at Market,73,51
Market at 4th,Davis at Jackson,106,76
Market at 4th,Embarcadero at Sansome,311,312
Post at Kearney,Market at 10th,99,101
Arena Green / SAP Center,St James Park,5,4
Embarcadero at Bryant,Beale at Market,46,82
"SF Caltrain, Townsend at 4th ",3rd at Howard,495,418
Embarcadero at Bryant,Market at 10th,9,13
Golden Gate at Polk,Embarcadero at Bryant,2,4
Howard at 2nd,Market at Battery,21,27
California Ave Caltrain Station,Cowper at University,20,37
Mountain View Caltrain,Palo Alto Caltrain Station,6,2
Howard at 2nd,Embarcadero at Folsom,34,76
Commercial at Montgomery,2nd at Folsom,50,47
Powell Street BART,South Van Ness at Market,277,279
2nd at Townsend,Steuart at Market,474,654
South Van Ness at Market,Clay at Battery,34,31
Embarcadero at Bryant,Broadway St at Battery St,4,4
Park at Olive,University and Emerson,45,43
7th at Market,Market at 4th,215,166
5th at Howard,Beale at Market,29,27
Post at Kearney,Market at 4th,45,37
Market at 4th,Grant at Columbus,126,187
Market at 4th,Embarcadero at Bryant,56,34
Evelyn Park and Ride,Evelyn Park and Ride,50,50
Howard at Beale,"SF Caltrain, Townsend at 4th ",530,644
Davis at Jackson,Market at 4th,76,106
SF Ferry Building,Howard at 2nd,92,127
Davis at Jackson,Howard at 2nd,74,33
Post at Kearney,Embarcadero at Folsom,32,26
Powell at Post (Union Square),Washington at Kearney,55,42
Paseo de San Antonio,SJSU - San Salvador at 9th,68,0
San Mateo County Center,Redwood City Medical Center,22,21
Howard at 2nd,Townsend at 7th,78,36
Spear at Folsom,Powell Street BART,63,43
Clay at Battery,Market at 4th,115,92
Powell at Post (Union Square),Embarcadero at Bryant,21,19
Embarcadero at Folsom,Market at 4th,53,39
San Jose City Hall,SJ Diridon Caltrain,132,139
Adobe on Almaden,SJSU - San Salvador at 9th,2,0
SJ Diridon Caltrain,SJSU 4th at San Carlos,36,20
San Antonio Caltrain Station,Rengstorff at California,79,48
2nd at Folsom,Embarcadero at Vallejo,20,14
2nd at Townsend,Spear at Folsom,201,307
Powell Street BART,Washington at Kearney,50,71
2nd at South Park,SF Caltrain at 330 Townsend,218,60
3rd at Howard,3rd at Howard,97,97
Howard at 2nd,7th at Market,48,17
SJSU - San Salvador at 9th,San Pedro Square,23,0
2nd at Folsom,South Van Ness at Market,22,31
"SF Caltrain, Townsend at 4th ",Grant at Columbus,158,313
5th at Howard,Post at Kearney,50,58
MLK Library,St James Park,18,13
San Jose City Hall,SJSU - San Salvador at 9th,25,0
Commercial at Montgomery,Post at Kearney,92,62
SJ Diridon Caltrain,Paseo de San Antonio,236,196
Powell at Post (Union Square),3rd at Howard,51,42
3rd at Howard,Market at 10th,125,122
Howard at Beale,5th at Howard,238,96
Broadway St at Battery St,Clay at Battery,10,5
Washington at Kearney,Beale at Market,58,35
Market at 10th,Market at 4th,516,365
Embarcadero at Bryant,2nd at Townsend,152,101
Embarcadero at Sansome,Commercial at Montgomery,110,77
Embarcadero at Folsom,Howard at Beale,17,23
Post at Kearney,7th at Market,50,48
Broadway at Main,Franklin at Maple,6,10
Arena Green / SAP Center,SJSU - San Salvador at 9th,8,0
Santa Clara at Almaden,San Jose City Hall,8,14
SF Ferry Building,Golden Gate at Polk,21,32
Clay at Battery,Market at Battery,117,39
Clay at Battery,SF Ferry Building,99,86
Townsend at 7th,Embarcadero at Folsom,43,65
Embarcadero at Folsom,Washington at Kearney,94,95
Embarcadero at Folsom,Market at 10th,8,13
Mountain View Caltrain,Rengstorff at California,94,90
MLK Library,San Pedro Square,33,48
7th at Market,Broadway St at Battery St,4,7
7th at Market,Embarcadero at Sansome,148,133
Howard at 2nd,Steuart at Market,163,178
Japantown,San Jose Government Center,11,9
Market at 4th,South Van Ness at Market,252,285
Commercial at Montgomery,Townsend at 7th,13,8
Embarcadero at Folsom,Powell at Post (Union Square),32,19
Embarcadero at Bryant,Embarcadero at Bryant,168,168
7th at Market,Spear at Folsom,21,41
Davis at Jackson,Beale at Market,124,100
Japantown,San Pedro Square,68,81
Clay at Battery,Post at Kearney,42,40
San Salvador at 1st,San Jose Civic Center,21,18
Embarcadero at Folsom,SF Caltrain at 330 Townsend,284,118
Howard at 2nd,Beale at Market,39,61
2nd at South Park,Beale at Market,69,108
Powell Street BART,5th at Howard,72,82
Powell at Post (Union Square),Embarcadero at Vallejo,46,53
Townsend at 7th,Powell at Post (Union Square),55,126
Market at Sansome,South Van Ness at Market,160,353
2nd at Folsom,Washington at Kearney,37,11
Powell at Post (Union Square),South Van Ness at Market,48,44
Embarcadero at Sansome,South Van Ness at Market,94,93
7th at Market,Townsend at 7th,345,360
SF Ferry Building,Steuart at Market,22,25
Market at 10th,Washington at Kearney,92,76
SF Caltrain at 330 Townsend,Townsend at 7th,1116,309
"SF Caltrain, Townsend at 4th ",Market at Battery,206,127
Powell at Post (Union Square),Grant at Columbus,109,109
Adobe on Almaden,Paseo de San Antonio,16,17
Palo Alto Caltrain Station,Mountain View Caltrain,2,6
Arena Green / SAP Center,Santa Clara at Almaden,113,118
Commercial at Montgomery,3rd at Howard,56,42
Beale at Market,Post at Kearney,40,35
Broadway St at Battery St,Howard at Beale,1,1
Market at Sansome,SF Ferry Building,408,294
Embarcadero at Vallejo,Spear at Folsom,107,104
Steuart at Market,Davis at Jackson,80,42
2nd at Folsom,2nd at South Park,238,130
San Jose City Hall,MLK Library,74,42
7th at Market,2nd at Folsom,60,70
2nd at Townsend,Market at 10th,44,54
Broadway St at Battery St,7th at Market,7,4
Townsend at 7th,Howard at Beale,178,244
3rd at Howard,Townsend at 7th,55,42
Grant at Columbus,Spear at Folsom,123,66
Davis at Jackson,Steuart at Market,42,80
Grant at Columbus,Powell at Post (Union Square),109,109
5th at Howard,Powell at Post (Union Square),40,39
Clay at Battery,Clay at Battery,115,115
Embarcadero at Bryant,SF Ferry Building,403,293
3rd at Howard,2nd at Townsend,62,105
Beale at Market,Powell Street BART,71,49
Howard at 2nd,2nd at South Park,317,236
Clay at Battery,Embarcadero at Folsom,61,20
SJSU - San Salvador at 9th,San Salvador at 1st,35,0
Market at 10th,3rd at Howard,122,125
San Pedro Square,Paseo de San Antonio,58,48
MLK Library,Adobe on Almaden,12,21
7th at Market,Market at 10th,199,166
Embarcadero at Bryant,Grant at Columbus,35,51
Embarcadero at Sansome,Embarcadero at Vallejo,198,316
Embarcadero at Folsom,2nd at Folsom,13,35
7th at Market,South Van Ness at Market,367,389
Commercial at Montgomery,Davis at Jackson,178,66
Palo Alto Caltrain Station,California Ave Caltrain Station,81,67
SJ Diridon Caltrain,San Salvador at 1st,72,79
Beale at Market,Embarcadero at Bryant,82,46
Market at Battery,Grant at Columbus,60,199
Grant at Columbus,Steuart at Market,186,120
2nd at Folsom,Embarcadero at Bryant,60,37
Embarcadero at Bryant,Howard at 2nd,90,103
2nd at South Park,Grant at Columbus,50,58
San Pedro Square,St James Park,40,55
Golden Gate at Polk,Commercial at Montgomery,26,13
San Antonio Shopping Center,7th at Market,1,0
3rd at Howard,Market at Sansome,142,93
San Antonio Shopping Center,Castro Street and El Camino Real,3,4
Santa Clara at Almaden,Adobe on Almaden,10,7
Golden Gate at Polk,Market at Battery,28,28
Spear at Folsom,Embarcadero at Bryant,80,112
Howard at Beale,Post at Kearney,70,68
San Jose City Hall,San Jose City Hall,67,67
Broadway St at Battery St,Market at Sansome,10,18
2nd at Townsend,Embarcadero at Vallejo,155,158
Grant at Columbus,Townsend at 7th,49,15
Davis at Jackson,3rd at Howard,9,13
Powell at Post (Union Square),Market at Battery,73,82
Market at Battery,San Francisco City Hall,31,16
Powell at Post (Union Square),Clay at Battery,51,78
Embarcadero at Bryant,3rd at Howard,54,48
Market at Battery,"SF Caltrain, Townsend at 4th ",127,206
Golden Gate at Polk,2nd at South Park,27,19
SF Ferry Building,Powell Street BART,142,125
SJ Diridon Caltrain,Arena Green / SAP Center,17,9
Market at Sansome,Townsend at 7th,91,102
San Antonio Shopping Center,San Antonio Caltrain Station,59,48
Embarcadero at Folsom,Powell Street BART,46,27
San Pedro Square,Arena Green / SAP Center,33,66
Howard at 2nd,San Francisco City Hall,8,6
Embarcadero at Vallejo,SF Caltrain at 330 Townsend,41,34
Grant at Columbus,Embarcadero at Sansome,133,160
Spear at Folsom,Embarcadero at Folsom,23,9
Steuart at Market,Howard at Beale,59,36
Grant at Columbus,7th at Market,52,25
Howard at Beale,Steuart at Market,36,59
Grant at Columbus,SF Ferry Building,148,153
SF Ferry Building,Embarcadero at Bryant,293,403
7th at Market,2nd at South Park,81,31
Broadway St at Battery St,Post at Kearney,1,3
Clay at Battery,Commercial at Montgomery,25,34
Howard at 2nd,Howard at Beale,34,133
2nd at Folsom,Embarcadero at Sansome,64,35
2nd at Folsom,3rd at Howard,59,37
SJSU 4th at San Carlos,San Jose City Hall,25,35
San Jose Government Center,Adobe on Almaden,1,0
Market at Battery,Steuart at Market,156,142
St James Park,SJSU 4th at San Carlos,20,23
Market at 10th,San Francisco City Hall,14,19
California Ave Caltrain Station,San Antonio Caltrain Station,29,16
SJSU 4th at San Carlos,San Jose Government Center,1,0
"SF Caltrain, Townsend at 4th ",Embarcadero at Vallejo,195,180
University and Emerson,Mountain View Caltrain,2,1
Market at 10th,SF Caltrain at 330 Townsend,90,243
Market at 4th,Market at 10th,365,516
Townsend at 7th,Howard at 2nd,36,78
5th at Howard,Broadway St at Battery St,1,0
Embarcadero at Sansome,SF Ferry Building,671,1330
San Francisco City Hall,2nd at Townsend,16,13
Embarcadero at Vallejo,Embarcadero at Bryant,184,232
2nd at South Park,Powell at Post (Union Square),82,97
7th at Market,Post at Kearney,48,50
5th at Howard,Market at 4th,85,64
Arena Green / SAP Center,San Jose City Hall,6,2
Howard at 2nd,Embarcadero at Bryant,103,90
Powell Street BART,Howard at Beale,98,121
SJ Diridon Caltrain,SJSU - San Salvador at 9th,103,0
Powell Street BART,Post at Kearney,56,71
Commercial at Montgomery,Spear at Folsom,60,68
7th at Market,Embarcadero at Folsom,7,14
Market at 10th,Embarcadero at Sansome,36,37
Washington at Kearney,Powell Street BART,71,50
Grant at Columbus,Washington at Kearney,43,45
Commercial at Montgomery,Embarcadero at Folsom,58,46
Powell Street BART,Howard at 2nd,52,101
Commercial at Montgomery,Beale at Market,142,146
Embarcadero at Bryant,7th at Market,29,24
SF Ferry Building,Market at 4th,261,319
Mountain View Caltrain,Cowper at University,2,2
St James Park,San Jose Civic Center,12,8
5th at Howard,Commercial at Montgomery,68,63
Embarcadero at Folsom,Broadway St at Battery St,4,3
Davis at Jackson,Powell at Post (Union Square),63,82
San Jose City Hall,Santa Clara at Almaden,14,8
Embarcadero at Folsom,Beale at Market,18,55
Clay at Battery,"SF Caltrain, Townsend at 4th ",193,211
5th at Howard,South Van Ness at Market,112,110
Powell Street BART,Spear at Folsom,43,63
Embarcadero at Sansome,Powell at Post (Union Square),162,207
Castro Street and El Camino Real,Mountain View City Hall,10,3
SF Ferry Building,Market at 10th,46,84
Embarcadero at Vallejo,Commercial at Montgomery,18,10
Santa Clara at Almaden,San Jose Civic Center,20,15
Paseo de San Antonio,SJ Diridon Caltrain,196,236
Commercial at Montgomery,7th at Market,29,24
SJSU 4th at San Carlos,San Salvador at 1st,34,43
Post at Kearney,2nd at South Park,139,154
St James Park,San Jose City Hall,17,15
Embarcadero at Vallejo,Market at 4th,85,89
SF Ferry Building,Davis at Jackson,122,62
SJSU - San Salvador at 9th,Arena Green / SAP Center,11,0
Golden Gate at Polk,Spear at Folsom,11,15
SJSU - San Salvador at 9th,San Jose Civic Center,11,0
Embarcadero at Bryant,Steuart at Market,188,288
Powell Street BART,SF Caltrain at 330 Townsend,370,521
Paseo de San Antonio,Adobe on Almaden,17,16
Embarcadero at Vallejo,Embarcadero at Folsom,51,61
San Antonio Caltrain Station,Palo Alto Caltrain Station,4,12
Beale at Market,Davis at Jackson,100,124
Townsend at 7th,Spear at Folsom,53,89
SF Caltrain at 330 Townsend,Howard at 2nd,150,197
SJ Diridon Caltrain,SJ Diridon Caltrain,69,69
5th at Howard,Embarcadero at Vallejo,19,22
Japantown,Paseo de San Antonio,54,103
Embarcadero at Folsom,Grant at Columbus,51,239
South Van Ness at Market,Grant at Columbus,38,72
Grant at Columbus,South Van Ness at Market,72,38
University and Emerson,San Antonio Shopping Center,3,2
San Francisco City Hall,Spear at Folsom,17,10
7th at Market,3rd at Howard,40,50
Market at 10th,Grant at Columbus,57,105
SF Ferry Building,SF Ferry Building,550,550
2nd at South Park,Golden Gate at Polk,19,27
Commercial at Montgomery,Powell at Post (Union Square),61,34
Washington at Kearney,Market at 10th,76,92
Mountain View Caltrain,California Ave Caltrain Station,1,3
2nd at Folsom,Golden Gate at Polk,6,4
Embarcadero at Vallejo,Embarcadero at Vallejo,185,185
Post at Kearney,Townsend at 7th,55,81
7th at Market,5th at Howard,74,95
Davis at Jackson,Powell Street BART,77,32
Washington at Kearney,2nd at Townsend,16,27
San Antonio Shopping Center,Rengstorff at California,1,1
Golden Gate at Polk,Townsend at 7th,117,125
"SF Caltrain, Townsend at 4th ",Golden Gate at Polk,126,231
San Antonio Shopping Center,Mountain View City Hall,6,4
Clay at Battery,Spear at Folsom,56,55
SF Caltrain at 330 Townsend,2nd at South Park,60,218
Steuart at Market,Embarcadero at Bryant,288,188
SF Ferry Building,Clay at Battery,86,99
Powell Street BART,2nd at Folsom,109,118
2nd at South Park,Howard at Beale,217,211
Market at Sansome,Embarcadero at Vallejo,83,35
Market at Sansome,Spear at Folsom,134,65
Grant at Columbus,Davis at Jackson,91,86
Beale at Market,Powell at Post (Union Square),46,82
Grant at Columbus,Howard at Beale,121,82
Broadway St at Battery St,Davis at Jackson,1,3
San Francisco City Hall,Beale at Market,27,24
Arena Green / SAP Center,Adobe on Almaden,9,8
Townsend at 7th,SF Ferry Building,274,230
Steuart at Market,San Francisco City Hall,21,26
Franklin at Maple,Palo Alto Caltrain Station,2,0
Howard at Beale,Golden Gate at Polk,103,100
Embarcadero at Sansome,Davis at Jackson,177,236
2nd at Folsom,Beale at Market,48,31
Howard at Beale,SF Ferry Building,179,136
Grant at Columbus,Commercial at Montgomery,66,66
Market at 10th,Beale at Market,56,51
Washington at Kearney,Broadway St at Battery St,4,1
San Francisco City Hall,Howard at 2nd,6,8
Market at 10th,Davis at Jackson,25,18
California Ave Caltrain Station,Park at Olive,27,22
South Van Ness at Market,SF Caltrain at 330 Townsend,71,134
Beale at Market,Steuart at Market,26,11
2nd at Folsom,Davis at Jackson,37,14
Embarcadero at Sansome,Clay at Battery,167,149
Arena Green / SAP Center,Japantown,11,15
Post at Kearney,Spear at Folsom,93,68
Embarcadero at Bryant,South Van Ness at Market,9,12
Golden Gate at Polk,Powell Street BART,72,100
Park at Olive,Cowper at University,14,13
Market at Sansome,"SF Caltrain, Townsend at 4th ",448,480
Davis at Jackson,Townsend at 7th,19,14
2nd at South Park,3rd at Howard,126,116
Spear at Folsom,7th at Market,41,21
2nd at Townsend,Embarcadero at Sansome,283,233
Townsend at 7th,2nd at South Park,67,161
University and Emerson,Park at Olive,43,45
Spear at Folsom,Market at 4th,105,151
Market at 10th,Market at Sansome,219,113
Market at Battery,Beale at Market,17,16
SJSU 4th at San Carlos,SJSU 4th at San Carlos,35,35
Market at Sansome,Davis at Jackson,253,120
California Ave Caltrain Station,Palo Alto Caltrain Station,67,81
Arena Green / SAP Center,San Jose Government Center,4,1
Powell Street BART,Powell Street BART,150,150
Embarcadero at Sansome,Washington at Kearney,100,108
SJSU 4th at San Carlos,Adobe on Almaden,8,6
South Van Ness at Market,Davis at Jackson,20,18
Clay at Battery,Beale at Market,52,30
Townsend at 7th,3rd at Howard,42,55
Cowper at University,Cowper at University,47,47
Washington at Kearney,Grant at Columbus,45,43
Market at 4th,Market at Sansome,164,164
Market at Battery,Embarcadero at Sansome,143,175
South Van Ness at Market,San Francisco City Hall,51,73
San Salvador at 1st,Japantown,14,25
Howard at Beale,2nd at Townsend,487,317
"SF Caltrain, Townsend at 4th ",5th at Howard,248,512
St James Park,St James Park,22,22
Embarcadero at Bryant,Post at Kearney,29,27
5th at Howard,Washington at Kearney,30,19
SF Ferry Building,South Van Ness at Market,56,58
Market at Battery,Market at Sansome,46,33
Howard at 2nd,2nd at Townsend,220,219
Broadway St at Battery St,Grant at Columbus,1,5
SF Caltrain at 330 Townsend,SF Ferry Building,234,307
5th at Howard,SF Ferry Building,82,92
San Jose Civic Center,SJSU 4th at San Carlos,5,7
SF Caltrain at 330 Townsend,Grant at Columbus,18,99
South Van Ness at Market,Washington at Kearney,37,16
Santa Clara at Almaden,MLK Library,7,14
San Francisco City Hall,Grant at Columbus,24,16
Embarcadero at Vallejo,Market at Sansome,35,83
Howard at 2nd,Embarcadero at Vallejo,50,37
Washington at Kearney,Powell at Post (Union Square),42,55
Broadway St at Battery St,Embarcadero at Folsom,3,4
Market at 4th,Market at 4th,216,216
Market at 10th,2nd at Townsend,54,44
Embarcadero at Vallejo,Washington at Kearney,16,29
Steuart at Market,"SF Caltrain, Townsend at 4th ",538,609
Grant at Columbus,Post at Kearney,106,150
Clay at Battery,Powell at Post (Union Square),78,51
Davis at Jackson,Embarcadero at Bryant,47,57
Davis at Jackson,Davis at Jackson,149,149
Embarcadero at Sansome,Embarcadero at Folsom,204,247
Embarcadero at Folsom,Howard at 2nd,76,34
San Antonio Caltrain Station,University and Emerson,5,8
SF Caltrain at 330 Townsend,Embarcadero at Vallejo,34,41
Washington at Kearney,Commercial at Montgomery,13,31
2nd at Folsom,SF Caltrain at 330 Townsend,181,125
Powell at Post (Union Square),5th at Howard,39,40
Powell Street BART,7th at Market,208,127
7th at Market,Market at Battery,29,120
Clay at Battery,Powell Street BART,79,54
South Van Ness at Market,Howard at 2nd,119,113
Howard at 2nd,Embarcadero at Sansome,122,129
2nd at Folsom,Embarcadero at Folsom,35,13
Howard at Beale,Davis at Jackson,68,79
Market at 10th,2nd at Folsom,35,24
Powell Street BART,3rd at Howard,35,45
Broadway St at Battery St,Washington at Kearney,1,4
Davis at Jackson,7th at Market,13,14
Market at 4th,Howard at Beale,142,186
Market at Sansome,Powell at Post (Union Square),53,72
Park at Olive,Mountain View City Hall,6,6
2nd at Folsom,Clay at Battery,107,53
Beale at Market,Broadway St at Battery St,6,7
San Jose Government Center,San Pedro Square,3,2
Washington at Kearney,Washington at Kearney,89,89
Paseo de San Antonio,San Pedro Square,48,58
Howard at Beale,Townsend at 7th,244,178
7th at Market,Powell Street BART,127,208
Powell Street BART,"SF Caltrain, Townsend at 4th ",320,192
Powell Street BART,Commercial at Montgomery,97,205
Redwood City Caltrain Station,Redwood City Caltrain Station,41,41
SF Ferry Building,Market at Sansome,294,408
Golden Gate at Polk,Market at 4th,125,73
Adobe on Almaden,San Jose City Hall,10,25
Arena Green / SAP Center,SJSU 4th at San Carlos,6,2
Redwood City Caltrain Station,Cowper at University,1,0
Golden Gate at Polk,Post at Kearney,73,58
Howard at 2nd,South Van Ness at Market,113,119
Palo Alto Caltrain Station,Redwood City Caltrain Station,2,11
San Jose Civic Center,SJSU - San Salvador at 9th,17,0
Spear at Folsom,Embarcadero at Vallejo,104,107
Howard at Beale,Market at Sansome,143,131
Steuart at Market,SF Ferry Building,25,22
St James Park,Japantown,28,20
SF Caltrain at 330 Townsend,Embarcadero at Sansome,55,100
"SF Caltrain, Townsend at 4th ",2nd at Folsom,310,430
Golden Gate at Polk,Embarcadero at Sansome,48,91
Beale at Market,7th at Market,42,39
Embarcadero at Sansome,Howard at 2nd,129,122
Powell at Post (Union Square),Embarcadero at Folsom,19,32
Japantown,San Jose City Hall,42,38
Howard at Beale,San Francisco City Hall,7,4
3rd at Howard,Commercial at Montgomery,42,56
Powell at Post (Union Square),Davis at Jackson,82,63
SJSU - San Salvador at 9th,Adobe on Almaden,3,0
Post at Kearney,"SF Caltrain, Townsend at 4th ",122,123
Washington at Kearney,Howard at Beale,97,134
San Francisco City Hall,Embarcadero at Vallejo,10,16
Grant at Columbus,Market at Battery,199,60
San Pedro Square,San Jose Government Center,2,3
San Francisco City Hall,2nd at Folsom,7,14
Paseo de San Antonio,Japantown,103,54
"SF Caltrain, Townsend at 4th ",Townsend at 7th,568,1322
Market at 4th,Embarcadero at Folsom,39,53
Grant at Columbus,Embarcadero at Vallejo,45,81
Broadway St at Battery St,Broadway St at Battery St,6,6
Grant at Columbus,Beale at Market,120,63
MLK Library,San Jose City Hall,42,74
Steuart at Market,2nd at Townsend,654,474
3rd at Howard,Post at Kearney,37,33
Powell Street BART,Grant at Columbus,61,130
7th at Market,Embarcadero at Bryant,24,29
Adobe on Almaden,MLK Library,21,12
San Jose City Hall,Adobe on Almaden,25,10
7th at Market,Commercial at Montgomery,24,29
Embarcadero at Vallejo,Grant at Columbus,81,45
Embarcadero at Bryant,San Francisco City Hall,6,4
Howard at Beale,Commercial at Montgomery,191,142
Post at Kearney,Embarcadero at Sansome,114,99
2nd at South Park,Market at 10th,67,71
San Antonio Caltrain Station,Evelyn Park and Ride,4,2
"SF Caltrain, Townsend at 4th ",Embarcadero at Bryant,394,430
SF Caltrain at 330 Townsend,Golden Gate at Polk,79,19
Washington at Kearney,Golden Gate at Polk,14,8
Redwood City Medical Center,SJSU - San Salvador at 9th,1,0
Powell Street BART,Embarcadero at Sansome,167,192
San Pedro Square,San Jose Civic Center,33,26
Embarcadero at Vallejo,Beale at Market,188,170
Powell Street BART,Steuart at Market,88,69
"SF Caltrain, Townsend at 4th ",San Francisco City Hall,92,131
Embarcadero at Vallejo,Steuart at Market,176,152
Embarcadero at Folsom,Townsend at 7th,65,43
San Antonio Shopping Center,Park at Olive,2,3
Beale at Market,San Francisco City Hall,24,27
San Francisco City Hall,Market at 4th,119,53
Spear at Folsom,Washington at Kearney,50,23
Broadway St at Battery St,2nd at Folsom,1,9
Embarcadero at Sansome,Beale at Market,182,241
SJ Diridon Caltrain,MLK Library,120,60
5th at Howard,Davis at Jackson,12,15
2nd at Folsom,Spear at Folsom,241,137
Townsend at 7th,Golden Gate at Polk,125,117
"SF Caltrain, Townsend at 4th ",Market at 4th,232,443
5th at Howard,Spear at Folsom,105,138
San Antonio Shopping Center,San Antonio Shopping Center,6,6
Steuart at Market,Market at Battery,142,156
Howard at 2nd,SF Ferry Building,127,92
Market at Battery,Spear at Folsom,92,116
Embarcadero at Sansome,Grant at Columbus,160,133
3rd at Howard,Embarcadero at Sansome,58,87
2nd at Townsend,Powell at Post (Union Square),53,42
Powell at Post (Union Square),Embarcadero at Sansome,207,162
Clay at Battery,2nd at Townsend,109,72
"SF Caltrain, Townsend at 4th ",Davis at Jackson,252,263
Powell at Post (Union Square),Steuart at Market,127,71
Davis at Jackson,"SF Caltrain, Townsend at 4th ",263,252
Townsend at 7th,SF Caltrain at 330 Townsend,309,1116
Commercial at Montgomery,Clay at Battery,34,25
Powell Street BART,Clay at Battery,54,79
Castro Street and El Camino Real,San Antonio Shopping Center,4,3
Washington at Kearney,Embarcadero at Folsom,95,94
Golden Gate at Polk,Golden Gate at Polk,61,61
Market at 10th,2nd at South Park,71,67
7th at Market,Howard at Beale,66,91
"SF Caltrain, Townsend at 4th ",SF Ferry Building,782,598
Arena Green / SAP Center,Paseo de San Antonio,19,12
Townsend at 7th,Market at Battery,15,33
San Pedro Square,San Salvador at 1st,26,35
Embarcadero at Folsom,2nd at South Park,91,67
7th at Market,Beale at Market,39,42
Grant at Columbus,2nd at South Park,58,50
5th at Howard,Market at Sansome,136,140
Embarcadero at Sansome,SF Caltrain at 330 Townsend,100,55
Market at Battery,Embarcadero at Folsom,57,74
Spear at Folsom,Howard at 2nd,82,64
Howard at Beale,Howard at 2nd,133,34
Franklin at Maple,San Mateo County Center,1,0
SF Caltrain at 330 Townsend,Market at Sansome,181,299
San Salvador at 1st,SJSU 4th at San Carlos,43,34
2nd at South Park,Howard at 2nd,236,317
Broadway St at Battery St,SF Caltrain at 330 Townsend,1,4
Golden Gate at Polk,2nd at Folsom,4,6
Adobe on Almaden,Rengstorff at California,1,0
Davis at Jackson,Commercial at Montgomery,66,178
Arena Green / SAP Center,MLK Library,2,8
Park at Olive,California Ave Caltrain Station,22,27
7th at Market,Washington at Kearney,27,18
Washington at Kearney,Market at Battery,40,71
Park at Olive,San Antonio Caltrain Station,19,10
MLK Library,SJ Diridon Caltrain,60,120
Market at 10th,Powell at Post (Union Square),84,146
Market at Sansome,Steuart at Market,203,85
San Jose Government Center,Japantown,9,11
SF Ferry Building,Post at Kearney,148,158
Beale at Market,"SF Caltrain, Townsend at 4th ",342,197
"SF Caltrain, Townsend at 4th ",Howard at 2nd,427,443
Market at Sansome,Market at Battery,33,46
Steuart at Market,Market at 10th,62,119
Commercial at Montgomery,SF Ferry Building,220,218
SF Caltrain at 330 Townsend,Post at Kearney,61,84
5th at Howard,Howard at Beale,96,238
California Ave Caltrain Station,University and Emerson,73,46
Beale at Market,Market at Sansome,38,73
Beale at Market,Golden Gate at Polk,29,51
Golden Gate at Polk,Steuart at Market,70,40
SJSU 4th at San Carlos,Arena Green / SAP Center,2,6
Post at Kearney,Grant at Columbus,150,106
South Van Ness at Market,SF Ferry Building,58,56
Spear at Folsom,2nd at South Park,156,130
2nd at Townsend,Post at Kearney,114,89
Clay at Battery,Howard at Beale,207,188
SF Ferry Building,Howard at Beale,136,179
SF Caltrain at 330 Townsend,3rd at Howard,109,226
Cowper at University,Broadway at Main,3,0
Cowper at University,California Ave Caltrain Station,37,20
Howard at 2nd,5th at Howard,127,50
Adobe on Almaden,SJ Diridon Caltrain,180,175
Market at 10th,South Van Ness at Market,88,97
Washington at Kearney,SF Caltrain at 330 Townsend,51,46
2nd at Townsend,Market at 4th,92,123
SJSU 4th at San Carlos,San Jose Civic Center,7,5
2nd at Townsend,"SF Caltrain, Townsend at 4th ",266,306
Post at Kearney,5th at Howard,58,50
7th at Market,SF Caltrain at 330 Townsend,46,116
SF Ferry Building,2nd at Townsend,710,757
Powell at Post (Union Square),7th at Market,67,60
Howard at 2nd,Market at 4th,107,90
SF Caltrain at 330 Townsend,Howard at Beale,112,345
Powell Street BART,Embarcadero at Folsom,27,46
2nd at Townsend,7th at Market,21,26
SF Ferry Building,2nd at South Park,167,274
Powell Street BART,Market at 4th,70,63
Embarcadero at Sansome,Market at Battery,175,143
2nd at Folsom,Market at Battery,38,19
Commercial at Montgomery,Howard at 2nd,73,47
Post at Kearney,Davis at Jackson,41,43
Embarcadero at Bryant,"SF Caltrain, Townsend at 4th ",430,394
Beale at Market,Embarcadero at Folsom,55,18
Mountain View Caltrain,SJ Diridon Caltrain,1,0
San Jose Civic Center,SJ Diridon Caltrain,81,74
5th at Howard,Howard at 2nd,50,127
Powell at Post (Union Square),Commercial at Montgomery,34,61
Rengstorff at California,Park at Olive,4,3
Post at Kearney,San Francisco City Hall,54,74
South Van Ness at Market,Steuart at Market,94,48
Grant at Columbus,Grant at Columbus,158,158
Golden Gate at Polk,Beale at Market,51,29
Embarcadero at Bryant,Clay at Battery,136,59
Clay at Battery,South Van Ness at Market,31,34
Powell Street BART,University and Emerson,1,0
San Jose City Hall,Japantown,38,42
Park at Olive,Rengstorff at California,3,4
SF Caltrain at 330 Townsend,Embarcadero at Folsom,118,284
Howard at 2nd,Commercial at Montgomery,47,73
SJSU - San Salvador at 9th,San Jose City Hall,24,0
Embarcadero at Vallejo,Embarcadero at Sansome,316,198
Embarcadero at Folsom,Clay at Battery,20,61
Market at 4th,Golden Gate at Polk,73,125
Broadway St at Battery St,Embarcadero at Vallejo,1,5
Market at Battery,Howard at 2nd,27,21
Embarcadero at Sansome,2nd at Folsom,35,64
San Salvador at 1st,Adobe on Almaden,4,4
Santa Clara at Almaden,Paseo de San Antonio,31,27
Davis at Jackson,2nd at South Park,37,35
3rd at Howard,Powell Street BART,45,35
Market at 10th,SF Ferry Building,84,46
Beale at Market,Townsend at 7th,97,117
Clay at Battery,Davis at Jackson,42,29
Franklin at Maple,Franklin at Maple,23,23
Howard at 2nd,Grant at Columbus,53,52
Embarcadero at Folsom,Embarcadero at Bryant,163,117
Rengstorff at California,San Antonio Shopping Center,1,1
Redwood City Public Library,Franklin at Maple,7,8
2nd at Townsend,Washington at Kearney,27,16
Embarcadero at Vallejo,"SF Caltrain, Townsend at 4th ",180,195
SF Caltrain at 330 Townsend,2nd at Townsend,109,141
Townsend at 7th,Post at Kearney,81,55
Embarcadero at Vallejo,3rd at Howard,34,31
3rd at Howard,San Francisco City Hall,20,15
Golden Gate at Polk,Howard at 2nd,19,30
Howard at 2nd,3rd at Howard,57,20
Commercial at Montgomery,Commercial at Montgomery,78,78
Embarcadero at Folsom,Embarcadero at Vallejo,61,51
"SF Caltrain, Townsend at 4th ",Powell Street BART,192,320
South Van Ness at Market,Embarcadero at Folsom,43,23
"SF Caltrain, Townsend at 4th ",Beale at Market,197,342
Santa Clara at Almaden,San Salvador at 1st,11,12
3rd at Howard,Grant at Columbus,69,56
Golden Gate at Polk,San Francisco City Hall,24,21
St James Park,San Pedro Square,55,40
SF Caltrain at 330 Townsend,Broadway St at Battery St,4,1
Embarcadero at Sansome,Post at Kearney,99,114
Clay at Battery,2nd at South Park,38,45
Japantown,Japantown,90,90
Steuart at Market,Spear at Folsom,227,130
Grant at Columbus,SF Caltrain at 330 Townsend,99,18
Market at Sansome,Howard at 2nd,51,143
Broadway St at Battery St,Market at 4th,9,2
Mountain View Caltrain,University and Emerson,1,2
Steuart at Market,Embarcadero at Sansome,717,811
2nd at Townsend,Grant at Columbus,28,81
2nd at South Park,"SF Caltrain, Townsend at 4th ",346,288
Cowper at University,Park at Olive,13,14
Palo Alto Caltrain Station,Redwood City Public Library,2,0
Townsend at 7th,Powell Street BART,188,183
South Van Ness at Market,Market at 4th,285,252
Golden Gate at Polk,"SF Caltrain, Townsend at 4th ",231,126
SF Caltrain at 330 Townsend,Powell Street BART,521,370
Redwood City Caltrain Station,San Antonio Caltrain Station,1,1
Townsend at 7th,2nd at Townsend,230,167
Grant at Columbus,Powell Street BART,130,61
"SF Caltrain, Townsend at 4th ",Market at Sansome,480,448
Howard at Beale,Clay at Battery,188,207
Davis at Jackson,Market at 10th,18,25
Market at 4th,2nd at Folsom,132,149
2nd at South Park,Clay at Battery,45,38
Market at 10th,Commercial at Montgomery,45,28
Spear at Folsom,Embarcadero at Sansome,132,171
Powell Street BART,2nd at South Park,40,80
5th at Howard,Powell Street BART,82,72
Post at Kearney,2nd at Folsom,81,94
Townsend at 7th,5th at Howard,96,104
Market at Sansome,2nd at Folsom,235,537
Grant at Columbus,San Francisco City Hall,16,24
Post at Kearney,SF Caltrain at 330 Townsend,84,61
SF Caltrain at 330 Townsend,Commercial at Montgomery,42,34
Santa Clara at Almaden,San Pedro Square,20,19
Arena Green / SAP Center,San Pedro Square,66,33
SF Ferry Building,"SF Caltrain, Townsend at 4th ",598,782
2nd at Folsom,Steuart at Market,102,40
2nd at Townsend,Davis at Jackson,44,70
Market at 4th,Howard at 2nd,90,107
San Francisco City Hall,Embarcadero at Sansome,30,15
South Van Ness at Market,5th at Howard,110,112
Davis at Jackson,2nd at Townsend,70,44
San Francisco City Hall,Embarcadero at Folsom,1,3
Steuart at Market,Powell Street BART,69,88
2nd at Townsend,SF Ferry Building,757,710
5th at Howard,Golden Gate at Polk,29,49
Embarcadero at Sansome,Market at 4th,312,311
Embarcadero at Sansome,Townsend at 7th,22,26
Market at Battery,2nd at South Park,41,51
2nd at South Park,5th at Howard,147,76
Steuart at Market,Townsend at 7th,65,44
Spear at Folsom,Market at 10th,32,38
Powell at Post (Union Square),San Francisco City Hall,31,37
SF Caltrain at 330 Townsend,University and Emerson,2,0
Embarcadero at Bryant,Davis at Jackson,57,47
San Jose Civic Center,Japantown,9,17
Golden Gate at Polk,3rd at Howard,55,30
5th at Howard,2nd at South Park,76,147
Golden Gate at Polk,5th at Howard,49,29
"SF Caltrain, Townsend at 4th ",Embarcadero at Sansome,309,277
San Salvador at 1st,Santa Clara at Almaden,12,11
Market at 10th,Embarcadero at Bryant,13,9
Market at 10th,Steuart at Market,119,62
San Antonio Caltrain Station,California Ave Caltrain Station,16,29
Washington at Kearney,7th at Market,18,27
San Jose Civic Center,Adobe on Almaden,16,24
Broadway St at Battery St,Embarcadero at Bryant,4,4
Market at Battery,Howard at Beale,164,78
Beale at Market,Market at Battery,16,17
Japantown,Adobe on Almaden,7,6
Embarcadero at Bryant,Market at Sansome,75,78
Post at Kearney,Market at Battery,27,40
SJSU 4th at San Carlos,MLK Library,30,27
Redwood City Medical Center,Redwood City Medical Center,5,5
Washington at Kearney,Embarcadero at Sansome,108,100
"SF Caltrain, Townsend at 4th ",Washington at Kearney,29,41
Santa Clara at Almaden,St James Park,5,5
San Francisco City Hall,Market at Sansome,56,49
Embarcadero at Vallejo,2nd at Townsend,158,155
Adobe on Almaden,San Pedro Square,13,5
Howard at Beale,Washington at Kearney,134,97
Mountain View Caltrain,Evelyn Park and Ride,159,154
SF Caltrain at 330 Townsend,5th at Howard,484,129
San Francisco City Hall,SF Caltrain at 330 Townsend,49,24
2nd at Townsend,Commercial at Montgomery,40,30
Market at Battery,Clay at Battery,39,117
SJSU 4th at San Carlos,Japantown,20,18
San Francisco City Hall,San Francisco City Hall,96,96
Washington at Kearney,2nd at Folsom,11,37
Grant at Columbus,Broadway St at Battery St,5,1
3rd at Howard,Embarcadero at Folsom,52,64
2nd at Folsom,Powell at Post (Union Square),50,79
San Salvador at 1st,San Jose City Hall,42,197
San Jose Civic Center,Arena Green / SAP Center,15,7
Spear at Folsom,Post at Kearney,68,93
Japantown,St James Park,20,28
Redwood City Medical Center,San Mateo County Center,21,22
Embarcadero at Bryant,Powell at Post (Union Square),19,21
Powell at Post (Union Square),Golden Gate at Polk,53,32
Mountain View City Hall,University and Emerson,1,1
Beale at Market,Washington at Kearney,35,58
Market at Sansome,Beale at Market,73,38
Post at Kearney,Post at Kearney,59,59
Palo Alto Caltrain Station,Palo Alto Caltrain Station,88,88
7th at Market,Golden Gate at Polk,116,103
2nd at Folsom,Howard at 2nd,77,26
Spear at Folsom,Clay at Battery,55,56
5th at Howard,2nd at Folsom,63,93
Howard at Beale,Embarcadero at Folsom,23,17
Steuart at Market,Market at 4th,144,190
Howard at Beale,3rd at Howard,124,56
Beale at Market,Embarcadero at Vallejo,170,188
Redwood City Caltrain Station,Broadway at Main,7,5
2nd at South Park,Davis at Jackson,35,37
Castro Street and El Camino Real,Rengstorff at California,1,0
Davis at Jackson,Spear at Folsom,114,82
Howard at Beale,Market at Battery,78,164
San Salvador at 1st,SJ Diridon Caltrain,79,72
3rd at Howard,Broadway St at Battery St,2,1
3rd at Howard,Howard at Beale,56,124
SF Caltrain at 330 Townsend,Clay at Battery,43,54
2nd at Townsend,Embarcadero at Bryant,101,152
3rd at Howard,Howard at 2nd,20,57
SF Caltrain at 330 Townsend,Market at 4th,108,223
Embarcadero at Folsom,2nd at Townsend,221,190
Mountain View City Hall,Evelyn Park and Ride,12,12
Post at Kearney,SF Ferry Building,158,148
SF Caltrain at 330 Townsend,2nd at Folsom,125,181
Embarcadero at Sansome,Howard at Beale,287,238
Market at 10th,Market at Battery,117,142
Steuart at Market,5th at Howard,42,84
Beale at Market,Market at 4th,121,114
Market at Sansome,7th at Market,128,141
Market at Battery,5th at Howard,66,52
Paseo de San Antonio,SJSU 4th at San Carlos,23,23
MLK Library,San Jose Civic Center,21,23
San Jose Civic Center,St James Park,8,12
Beale at Market,Market at 10th,51,56
Embarcadero at Vallejo,Davis at Jackson,48,46
San Mateo County Center,San Mateo County Center,20,20
Post at Kearney,Embarcadero at Bryant,27,29
SF Caltrain at 330 Townsend,SF Caltrain at 330 Townsend,79,79
Powell Street BART,Market at 10th,396,285
2nd at Townsend,SF Caltrain at 330 Townsend,141,109
Clay at Battery,SF Caltrain at 330 Townsend,54,43
Market at Battery,7th at Market,120,29
Japantown,Arena Green / SAP Center,15,11
San Jose City Hall,St James Park,15,17
South Van Ness at Market,South Van Ness at Market,116,116
Howard at 2nd,Market at 10th,49,52
San Salvador at 1st,St James Park,7,15
Market at Sansome,Embarcadero at Sansome,379,210
Embarcadero at Sansome,Steuart at Market,811,717
Market at Sansome,Market at 4th,164,164
Townsend at 7th,Market at 10th,75,107
Market at Battery,SF Ferry Building,154,161
Spear at Folsom,SF Ferry Building,176,148
"SF Caltrain, Townsend at 4th ",7th at Market,140,221
Beale at Market,Howard at Beale,188,81
Market at Sansome,SF Caltrain at 330 Townsend,299,181
SJ Diridon Caltrain,Japantown,103,20
Post at Kearney,South Van Ness at Market,119,117
Embarcadero at Sansome,Market at Sansome,210,379
SF Ferry Building,Commercial at Montgomery,218,220
Washington at Kearney,San Francisco City Hall,15,9
2nd at Folsom,Market at 4th,149,132
Steuart at Market,Howard at 2nd,178,163
Beale at Market,SF Caltrain at 330 Townsend,136,97
SF Caltrain at 330 Townsend,Davis at Jackson,41,62
Powell at Post (Union Square),SF Ferry Building,153,152
3rd at Howard,Beale at Market,34,27
Embarcadero at Folsom,San Francisco City Hall,3,1
Clay at Battery,Golden Gate at Polk,21,13
Palo Alto Caltrain Station,San Antonio Caltrain Station,12,4
2nd at Townsend,2nd at Townsend,183,183
Palo Alto Caltrain Station,Cowper at University,149,138
University and Emerson,San Antonio Caltrain Station,8,5
Davis at Jackson,SF Caltrain at 330 Townsend,62,41
San Pedro Square,Adobe on Almaden,5,13
2nd at South Park,Washington at Kearney,74,24
San Mateo County Center,Redwood City Caltrain Station,34,41
Howard at Beale,2nd at South Park,211,217
St James Park,SJSU - San Salvador at 9th,7,0
Commercial at Montgomery,Embarcadero at Vallejo,10,18
Powell Street BART,San Francisco City Hall,123,99
5th at Howard,3rd at Howard,37,99
2nd at South Park,2nd at Townsend,77,75
Post at Kearney,Washington at Kearney,186,37
Paseo de San Antonio,MLK Library,53,46
"SF Caltrain, Townsend at 4th ",South Van Ness at Market,153,245
Embarcadero at Sansome,"SF Caltrain, Townsend at 4th ",277,309
SJSU - San Salvador at 9th,San Jose Government Center,1,0
Howard at 2nd,Post at Kearney,60,66
2nd at Folsom,Market at 10th,24,35
MLK Library,SJSU - San Salvador at 9th,90,0
Washington at Kearney,South Van Ness at Market,16,37
Embarcadero at Vallejo,Townsend at 7th,28,44
Rengstorff at California,Mountain View City Hall,40,33
Franklin at Maple,Redwood City Medical Center,1,1
SJSU - San Salvador at 9th,Paseo de San Antonio,65,0
California Ave Caltrain Station,San Antonio Shopping Center,1,5
Clay at Battery,Steuart at Market,41,46
San Jose City Hall,San Pedro Square,35,32
Japantown,Santa Clara at Almaden,48,7
3rd at Howard,2nd at Folsom,37,59
Spear at Folsom,2nd at Folsom,137,241
SJ Diridon Caltrain,Rengstorff at California,1,0
Market at 10th,Howard at Beale,52,129
Market at 4th,Embarcadero at Vallejo,89,85
San Jose City Hall,Paseo de San Antonio,56,34
SF Caltrain at 330 Townsend,"SF Caltrain, Townsend at 4th ",37,26
2nd at South Park,South Van Ness at Market,61,125
5th at Howard,"SF Caltrain, Townsend at 4th ",512,248
University and Emerson,Mountain View City Hall,1,1
SJSU 4th at San Carlos,St James Park,23,20
Cowper at University,University and Emerson,110,46
Redwood City Medical Center,Redwood City Caltrain Station,83,141
Paseo de San Antonio,San Jose Government Center,2,1
Market at 4th,Powell at Post (Union Square),44,52
Grant at Columbus,Market at 4th,187,126
Spear at Folsom,Market at Sansome,65,134
Paseo de San Antonio,Market at 4th,1,1
Davis at Jackson,San Francisco City Hall,13,8
Grant at Columbus,Embarcadero at Folsom,239,51
Market at Battery,SF Caltrain at 330 Townsend,66,61
San Pedro Square,SJSU - San Salvador at 9th,30,0
Broadway at Main,Redwood City Public Library,3,0
Steuart at Market,Embarcadero at Vallejo,152,176
Howard at 2nd,Davis at Jackson,33,74
"SF Caltrain, Townsend at 4th ",Post at Kearney,123,122
Powell Street BART,Golden Gate at Polk,100,72
Beale at Market,Embarcadero at Sansome,241,182
Davis at Jackson,Howard at Beale,79,68
Golden Gate at Polk,SF Ferry Building,32,21
SJSU 4th at San Carlos,Santa Clara at Almaden,59,77
Embarcadero at Sansome,2nd at Townsend,233,283
Washington at Kearney,SF Ferry Building,95,80
Steuart at Market,Market at Sansome,85,203
San Jose Civic Center,Santa Clara at Almaden,15,20
5th at Howard,Townsend at 7th,104,96
Golden Gate at Polk,Howard at Beale,100,103
Mountain View City Hall,Mountain View City Hall,60,60
Grant at Columbus,5th at Howard,32,29
2nd at Townsend,Market at Sansome,258,233
San Jose Civic Center,Paseo de San Antonio,12,21
2nd at South Park,Powell Street BART,80,40
St James Park,Paseo de San Antonio,19,31
Clay at Battery,Embarcadero at Bryant,59,136
5th at Howard,Grant at Columbus,29,32
Washington at Kearney,Howard at 2nd,33,25
7th at Market,"SF Caltrain, Townsend at 4th ",221,140
"SF Caltrain, Townsend at 4th ","SF Caltrain, Townsend at 4th ",132,132
South Van Ness at Market,Embarcadero at Bryant,12,9
3rd at Howard,Market at Battery,36,49
Embarcadero at Sansome,Powell Street BART,192,167
San Salvador at 1st,San Salvador at 1st,60,60
Powell Street BART,Embarcadero at Vallejo,64,54
South Van Ness at Market,Market at Sansome,353,160
Washington at Kearney,5th at Howard,19,30
2nd at Townsend,Townsend at 7th,167,230
Japantown,SJSU - San Salvador at 9th,12,0
7th at Market,Powell at Post (Union Square),60,67
Davis at Jackson,South Van Ness at Market,18,20
Mountain View City Hall,San Antonio Caltrain Station,16,15
San Mateo County Center,Broadway at Main,17,13
Howard at Beale,Embarcadero at Bryant,85,55
Powell Street BART,Beale at Market,49,71
Townsend at 7th,Market at Sansome,102,91
"SF Caltrain, Townsend at 4th ",Commercial at Montgomery,157,176
Mountain View City Hall,Castro Street and El Camino Real,3,10
Grant at Columbus,Market at 10th,105,57
SF Ferry Building,San Francisco City Hall,54,46
"SF Caltrain, Townsend at 4th ",2nd at South Park,288,346
Howard at Beale,Market at 10th,129,52
University and Emerson,Cowper at University,46,110
Steuart at Market,South Van Ness at Market,48,94
Broadway at Main,Redwood City Medical Center,5,6
Embarcadero at Vallejo,SF Ferry Building,214,332
Embarcadero at Bryant,Market at 4th,34,56
Steuart at Market,Beale at Market,11,26
Broadway St at Battery St,SF Ferry Building,3,8
Grant at Columbus,Howard at 2nd,52,53
2nd at South Park,Townsend at 7th,161,67
Mezes Park,Redwood City Caltrain Station,1,3
Powell at Post (Union Square),"SF Caltrain, Townsend at 4th ",174,131
San Jose City Hall,Arena Green / SAP Center,2,6
2nd at South Park,Embarcadero at Vallejo,123,122
San Francisco City Hall,2nd at South Park,26,33
5th at Howard,5th at Howard,122,122
Steuart at Market,Washington at Kearney,33,48
Adobe on Almaden,San Salvador at 1st,4,4
Embarcadero at Folsom,Spear at Folsom,9,23
Golden Gate at Polk,2nd at Townsend,22,11
Post at Kearney,3rd at Howard,33,37
Clay at Battery,Howard at 2nd,90,66
Market at 10th,7th at Market,166,199
Park at Olive,San Antonio Shopping Center,3,2
Beale at Market,Grant at Columbus,63,120
San Francisco City Hall,3rd at Howard,15,20
MLK Library,Paseo de San Antonio,46,53
3rd at Howard,Spear at Folsom,93,130
Franklin at Maple,Mezes Park,2,0
SF Ferry Building,7th at Market,52,71
Market at Battery,Embarcadero at Bryant,90,128
Mountain View City Hall,Palo Alto Caltrain Station,1,0
Embarcadero at Folsom,Davis at Jackson,58,94
Market at Sansome,Golden Gate at Polk,37,63
Steuart at Market,Commercial at Montgomery,23,33
Washington at Kearney,Post at Kearney,37,186
Broadway St at Battery St,Beale at Market,7,6
2nd at Townsend,Redwood City Caltrain Station,1,0
California Ave Caltrain Station,Mountain View Caltrain,3,1
Commercial at Montgomery,Market at 4th,171,88
Howard at Beale,SF Caltrain at 330 Townsend,345,112
Market at Battery,Golden Gate at Polk,28,28
South Van Ness at Market,2nd at Folsom,31,22
2nd at South Park,Market at 4th,192,271
Spear at Folsom,San Francisco City Hall,10,17
Embarcadero at Bryant,Powell Street BART,24,19
Market at 4th,2nd at South Park,271,192
South Van Ness at Market,"SF Caltrain, Townsend at 4th ",245,153
Commercial at Montgomery,Powell Street BART,205,97
Market at 4th,Market at Battery,105,262
Embarcadero at Sansome,Spear at Folsom,171,132
Beale at Market,Spear at Folsom,155,83
Commercial at Montgomery,SF Caltrain at 330 Townsend,34,42
3rd at Howard,Powell at Post (Union Square),42,51
San Francisco City Hall,Steuart at Market,26,21
San Francisco City Hall,Market at Battery,16,31
SF Caltrain at 330 Townsend,San Francisco City Hall,24,49
SF Caltrain at 330 Townsend,Market at Battery,61,66
South Van Ness at Market,Post at Kearney,117,119
2nd at Townsend,Embarcadero at Folsom,190,221
Evelyn Park and Ride,Mountain View City Hall,12,12
Davis at Jackson,5th at Howard,15,12
Post at Kearney,Embarcadero at Vallejo,30,10
Howard at 2nd,Clay at Battery,66,90
Market at Sansome,Commercial at Montgomery,214,247
Broadway St at Battery St,Spear at Folsom,30,26
2nd at Folsom,Post at Kearney,94,81
Broadway St at Battery St,South Van Ness at Market,2,0
Powell at Post (Union Square),Howard at Beale,34,34
San Salvador at 1st,Arena Green / SAP Center,12,8
Powell at Post (Union Square),Post at Kearney,55,51
Beale at Market,Clay at Battery,30,52
SJSU - San Salvador at 9th,SJSU 4th at San Carlos,85,0
7th at Market,Davis at Jackson,14,13
Steuart at Market,Broadway St at Battery St,13,17
Howard at 2nd,SF Caltrain at 330 Townsend,197,150
University and Emerson,Rengstorff at California,2,5
Embarcadero at Bryant,Howard at Beale,55,85
Market at 4th,7th at Market,166,215
Redwood City Caltrain Station,Redwood City Medical Center,141,83
Mountain View Caltrain,Castro Street and El Camino Real,100,95
Market at Battery,Market at 4th,262,105
SJ Diridon Caltrain,San Jose Civic Center,74,81
Powell Street BART,SF Ferry Building,125,142
2nd at South Park,Embarcadero at Sansome,43,25
Market at Battery,Embarcadero at Vallejo,43,52
Mezes Park,Redwood City Medical Center,2,0
Clay at Battery,2nd at Folsom,53,107
Townsend at 7th,"SF Caltrain, Townsend at 4th ",1322,568
Grant at Columbus,Market at Sansome,492,224
Embarcadero at Sansome,Broadway St at Battery St,8,9
Broadway St at Battery St,2nd at South Park,9,1
Arena Green / SAP Center,SJ Diridon Caltrain,9,17
Davis at Jackson,Embarcadero at Sansome,236,177
3rd at Howard,Embarcadero at Bryant,48,54
Embarcadero at Bryant,2nd at Folsom,37,60
Howard at Beale,Embarcadero at Vallejo,169,94
Washington at Kearney,3rd at Howard,28,30
Post at Kearney,Howard at Beale,68,70
South Van Ness at Market,Powell Street BART,279,277
Davis at Jackson,SF Ferry Building,62,122
MLK Library,MLK Library,62,62
San Francisco City Hall,San Jose City Hall,1,0
Broadway St at Battery St,Market at 10th,3,0
Townsend at 7th,Embarcadero at Vallejo,44,28
MLK Library,Arena Green / SAP Center,8,2
Rengstorff at California,California Ave Caltrain Station,6,4
Washington at Kearney,Market at 4th,46,84
Embarcadero at Vallejo,San Francisco City Hall,16,10
2nd at Townsend,5th at Howard,38,24
San Antonio Shopping Center,California Ave Caltrain Station,5,1
Market at 4th,2nd at Townsend,123,92
Powell at Post (Union Square),2nd at South Park,97,82
Embarcadero at Folsom,5th at Howard,41,28
Broadway St at Battery St,Townsend at 7th,1,0
5th at Howard,Embarcadero at Bryant,19,31
Townsend at 7th,Commercial at Montgomery,8,13
San Francisco City Hall,SF Ferry Building,46,54
San Jose Civic Center,San Jose City Hall,18,24
Clay at Battery,Market at 10th,43,25
2nd at Townsend,Howard at 2nd,219,220
Embarcadero at Folsom,SF Ferry Building,96,54
South Van Ness at Market,2nd at Townsend,64,59
Spear at Folsom,Powell at Post (Union Square),42,40
"SF Caltrain, Townsend at 4th ",Powell at Post (Union Square),131,174
San Jose Government Center,Paseo de San Antonio,1,2
Embarcadero at Folsom,Post at Kearney,26,32